"Parameter","True","Estimated","Difference","StdErr"
"r",0.7,0.44701758564013,-0.25298241435987,0.175310617373745
"mu1",10,10.3449147987309,0.344914798730944,0.413659526642838
"mu2",5,5.19044274754301,0.19044274754301,0.30978675692344
"sigma1",2,1.82089960626224,-0.179100393737759,0.31282167293408
"sigma2",1.5,1.3639483336331,-0.136051666366902,0.235162758460635
