"Parameter","True","Estimated","Difference","StdErr"
"alpha",0.5,0.492714162935469,-0.00728583706453068,0.00504691715177706
"beta",0.99,0.989656610665257,-0.000343389334742983,0.00144510919977735
"gamma",0.99,0.988960751206035,-0.00103924879396478,0.00145324553794674
"kappa",0.98,0.978600965391154,-0.00139903460884594,0.00204800785516851
